image,tag,,,
UT01-15D_01_02_2016 (2.JPG,exposed bone lower leg,,,
UT32-15D_05_13_2015 (3).JPG,lividity leg,,,
UT32-15D_05_13_2015 (7).JPG,lividity leg,,,
UT32-15D_05_13_2015 (9).JPG,lividity leg,,,
UT32-15D_05_13_2015 (21).JPG,lividity leg,,,
UT32-15D_05_13_2015 (33).JPG,adult flies leg,,,
UT32-15D_05_13_2015 (33).JPG,lividity leg,,,
UT32-15D_05_13_2015 (35).JPG,skin slippage leg,,,
UT32-15D_05_13_2015 (35).JPG,lividity leg,,,
UT32-15D_05_13_2015 (37).JPG,adult flies leg,,,
UT32-15D_05_13_2015 (39).JPG,adult flies leg,,,
UT32-15D_05_13_2015 (42).JPG,adult flies leg,,,
UT32-15D_05_13_2015 (42).JPG,lividity leg, lividity trunk,,
UT32-15D_05_13_2015 (42).JPG,skin slippage leg,,,
UT32-15D_05_13_2015 (43).JPG,skin slippage leg,,,
UT32-15D_05_13_2015 (43).JPG,adult flies leg,,,
UT32-15D_05_13_2015 (43).JPG,lividity leg,,,
UT32-15D_05_13_2015 (45).JPG,adult flies leg,,,
UT32-15D_05_13_2015 (45).JPG,scavenging leg,,,
UT32-15D_05_13_2015 (3).JPG,scavenging leg,,,
UT32-15D_05_13_2015 (3).JPG,adult flies leg,,,
UT32-15D_05_13_2015 (7).JPG,scavenging leg,,,
UT32-15D_05_13_2015 (9).JPG,scavenging leg,,,
UT32-15D_05_13_2015 (9).JPG,scavenging leg,,,
UT32-15D_05_13_2015 (33).JPG,scavenging leg,,,
UT32-15D_05_13_2015 (49).JPG,lividity leg,,,
UT32-15D_05_13_2015 (51).JPG,scavenging leg,,,
UT32-15D_05_13_2015 (51).JPG,lividity leg,,,
UT32-15D_05_14_2015 (2).JPG,skin slippage leg,,,
UT32-15D_05_14_2015 (2).JPG,scavenging leg,,,
UT32-15D_05_14_2015 (3).JPG,skin slippage leg,,,
UT32-15D_05_14_2015 (11).JPG,skin slippage leg,,,
UT32-15D_05_14_2015 (5).JPG,scavenging leg, exposed bone leg,,
UT32-15D_05_14_2015 (5).JPG,skin slippage leg,,,
UT32-15D_05_14_2015 (5).JPG,discoloration leg,,,
UT32-15D_05_14_2015 (16).JPG,scavenging leg, exposed bone leg,,
UT32-15D_05_14_2015 (16).JPG,skin slippage leg,,,
UT32-15D_05_14_2015 (16).JPG,discoloration leg,,,
UT32-15D_05_14_2015 (17).JPG,skin slippage leg,,,
UT32-15D_05_14_2015 (18).JPG,skin slippage leg,,,
UT32-15D_05_14_2015 (20).JPG,scavenging leg, exposed bone leg,,
UT32-15D_05_14_2015 (20).JPG,skin slippage leg,,,
UT32-15D_05_14_2015 (20).JPG,discoloration leg,,,
UT32-15D_05_14_2015 (21).JPG,scavenging leg, adult flies,,
UT32-15D_05_14_2015 (21).JPG,discoloration leg,,,
UT32-15D_05_14_2015 (21).JPG,skin slippage leg,,,
UT32-15D_05_14_2015 (22).JPG,scavenging leg, exposed bone leg,,
UT32-15D_05_14_2015 (22).JPG,discoloration leg,,,
UT32-15D_05_14_2015 (23).JPG,adult flies, scavenging leg, skin slippage leg, exposed bone leg
UT32-15D_05_14_2015 (23).JPG,discoloration leg,,,
UT32-15D_05_14_2015 (25).JPG,skin slippage trunk, skin slippage leg,,
UT32-15D_05_14_2015 (25).JPG,discoloration leg,,,
UT32-15D_05_14_2015 (26).JPG,discoloration leg, skin slippage leg,,
UT32-15D_05_14_2015 (26).JPG,scavenging leg, exposed bone leg,,
UT28-15D_05_09_2015 (6).JPG,lividity leg,,,
UT28-15D_05_09_2015 (9).JPG,lividity leg,,,
UT28-15D_05_09_2015 (11).JPG,lividity leg,,,
UT28-15D_05_09_2015 (25).JPG,lividity leg,,,
UT28-15D_05_09_2015 (35).JPG,lividity leg,,,
UT28-15D_05_09_2015 (37).JPG,lividity leg,,,
UT28-15D_05_09_2015 (39).JPG,lividity leg,,,
UT28-15D_05_09_2015 (53).JPG,lividity leg,,,
UT28-15D_05_09_2015 (55).JPG,lividity leg,,,
UT28-15D_05_10_2015 (9).JPG,lividity leg,,,
UT28-15D_05_10_2015 (11).JPG,lividity leg,,,
UT28-15D_05_10_2015 (17).JPG,lividity leg,,,
UT28-15D_05_10_2015 (46).JPG,eggs leg, adult flies, ants,
UT28-15D_05_10_2015 (50).JPG,scavenging leg, adult flies, eggs leg,
UT11-15D_04_10_2015 (3).JPG,scavenging leg, exposed bone leg,,
UT11-15D_04_10_2015 (7).JPG,scavenging leg, exposed bone,,
UT11-15D_04_10_2015 (9).JPG,black brown discoloration leg, black brown discoloration trunk,,
UT11-15D_04_10_2015 (9).JPG,scavenging leg, exposed bone leg,,
UT11-15D_04_10_2015 (9).JPG,larvae leg,,,
UT11-15D_04_11_2015 (10).JPG,black brown discoloration leg,,,
UT11-15D_04_10_2015 (39).JPG,skin slippage leg,,,
UT11-15D_04_10_2015 (41).JPG,larvae leg,,,
UT11-15D_04_10_2015 (41).JPG,skin slippage leg,,,
UT11-15D_04_10_2015 (43).JPG,skin slippage leg, larvae leg,,
UT11-15D_04_10_2015 (47).JPG,scavenging leg, exposed bone leg, larvae leg,
UT11-15D_04_10_2015 (49).JPG,scavenging leg, exposed bone leg, larvae leg,
UT11-15D_04_10_2015 (51).JPG,scavenging leg, exposed bone leg, larvae leg,
UT11-15D_04_10_2015 (55).JPG,larvae leg,,,
UT11-15D_04_10_2015 (59).JPG,scavenging leg, larvae leg,,
UT11-15D_04_10_2015 (58).JPG,skin slippage leg,,,
UT11-15D_04_10_2015 (58).JPG,larvae leg,,,
UT11-15D_04_11_2015 (7).JPG,scavenging leg, exposed bone leg,,
UT11-15D_04_11_2015 (9).JPG,larvae leg,,,
UT11-15D_04_11_2015 (10).JPG,larvae leg,,,
UT11-15D_04_11_2015 (39).JPG,scavenging leg, larvae leg,,
UT11-15D_04_11_2015 (43).JPG,scavenging leg,,,
UT11-15D_04_11_2015 (43).JPG,larvae leg,,,
UT11-15D_04_11_2015 (45).JPG,scavenging leg, larvae leg,,
UT11-15D_04_11_2015 (47).JPG,larvae leg,,,
UT11-15D_04_11_2015 (49).JPG,scavenging leg, exposed bone leg,,
UT11-15D_04_11_2015 (50).JPG,scavenging leg, exposed bone leg, larvae, purge fluid
UT11-15D_04_11_2015 (53).JPG,scavenging leg, exposed bone leg, larvae leg,
UT23-15D_07_07_2015 (1).JPG,scavenging leg,,,
UT23-15D_07_06_2015 (5).JPG,scavenged leg,,,
UT23-15D_07_06_2015 (6).JPG,scavenging leg, exposed bone leg, adipocere, mummified
UT23-15D_07_07_2015 (14).JPG,scavenging leg,,,
UT23-15D_07_07_2015 (16).JPG,adipocere leg, mummified,,
UT23-15D_07_07_2015 (18).JPG,scavenging leg, exposed bone leg, adipocere, mummified
UT23-15D_07_07_2015 (19).JPG,scavenging leg, exposed bone leg, mummified, adipocere
UT23-15D_07_06_2015 (2).JPG,scavenging leg,,,
UT23-15D_07_06_2015 (15).JPG,scavenging leg,,,
UT23-15D_07_06_2015 (19).JPG,scavenging leg,,,
UT23-15D_07_06_2015 (20).JPG,scavenging leg, adipocere, exposed bone leg,
UT23-15D_07_06_2015 (23).JPG,scavenging leg,,,
UT23-15D_07_06_2015 (24).JPG,scavenging leg, exposed bone leg,,
UT23-15D_07_06_2015 (27).JPG,scavenging leg, exposed bone leg,,
UT23-15D_07_07_2015 (5).JPG,scavenging leg, adipocere,,
UT23-15D_07_07_2015 (4).JPG,scavenging leg, adipocere,,
UT23-15D_07_07_2015 (29).JPG,scavenging leg, exposed bone leg, adipocere,
UT23-15D_07_07_2015 (32).JPG,scavenging leg,,,
UT72-15D_04_22_2016 (12).JPG,gray discoloration leg,,,
UT72-15D_04_22_2016 (13).JPG,desiccated tissue leg,,,
UT72-15D_04_22_2016 (17).JPG,skin slippage leg,,,
UT72-15D_04_22_2016 (18).JPG,skin slippage leg,,,
UT72-15D_04_22_2016 (25).JPG,skin slippage leg,,,
UT72-15D_04_22_2016 (26).JPG,skin slippage leg,,,
UT72-15D_04_22_2016 (29).JPG,skin slippage leg,,,
UT72-15D_04_23_2016 (5).JPG,brown discoloration leg,,,
UT72-15D_04_23_2016 (30).JPG,brown discoloration leg,,,
UT72-15D_04_23_2016 (27).JPG,skin slippage leg,,,
UT72-15D_04_23_2016 (2).JPG,brown discoloration leg,,,
UT72-15D_04_23_2016 (19).JPG,brown discoloration leg,,,
UT72-15D_04_23_2016 (12).JPG,brown discoloration leg,,,
UT72-15D_04_23_2016 (13).JPG,skin slippage leg,,,
UT72-15D_04_23_2016 (14).JPG,brown discoloration leg,,,
UT72-15D_04_23_2016 (16).JPG,brown discoloration leg,,,
UT37-15D_07_01_2015 (3).JPG,adult fly leg,,,
UT37-15D_07_01_2015 (3).JPG,discoloration leg,,,
UT37-15D_07_01_2015 (5).JPG,discoloration leg,,,
UT37-15D_07_01_2015 (7).JPG,discoloration leg,,,
UT37-15D_07_01_2015 (22).JPG,discoloration leg,,,
UT37-15D_07_01_2015 (28).JPG,adult fly leg,,,
UT37-15D_07_01_2015 (32).JPG,discoloration leg,,,
UT37-15D_07_01_2015 (32).JPG,adult fly leg,,,
UT37-15D_07_01_2015 (34).JPG,discoloration leg,,,
UT37-15D_07_01_2015 (42).JPG,discoloration leg,,,
UT37-15D_07_01_2015 (44).JPG,discoloration leg,,,
UT37-15D_07_01_2015 (46).JPG,discoloration leg,,,
UT37-15D_07_01_2015 (50).JPG,discoloration leg,,,
UT37-15D_07_01_2015 (75).JPG,discoloration leg,,,
UT37-15D_07_01_2015 (77).JPG,discoloration leg,,,
UT37-15D_07_01_2015 (79).JPG,adult fly leg,,,
UT37-15D_07_01_2015 (79).JPG,discoloration leg,,,
UT37-15D_07_01_2015 (85).JPG,discoloration leg,,,
UT37-15D_07_01_2015 (87).JPG,discoloration leg,,,
UT37-15D_07_03_2015 (5).JPG,adult fly leg,,,
UT37-15D_07_03_2015 (21).JPG,adult fly leg,,,
UT37-15D_07_03_2015 (23).JPG,discoloration leg,,,
UT37-15D_07_03_2015 (25).JPG,discoloration leg,,,
UT37-15D_07_03_2015 (27).JPG,discoloration leg,,,
UT37-15D_07_03_2015 (27).JPG,adult fly leg,,,
UT37-15D_07_03_2015 (33).JPG,discoloration leg,,,
UT37-15D_07_03_2015 (35).JPG,discoloration leg,,,
UT37-15D_07_03_2015 (43).JPG,discoloration leg,,,
UT37-15D_07_03_2015 (45).JPG,discoloration leg,,,
UT37-15D_07_03_2015 (47).JPG,discoloration leg,,,
UT37-15D_07_03_2015 (49).JPG,adult fly leg,,,
UT37-15D_07_03_2015 (49).JPG,discoloration leg,,,
UT37-15D_07_03_2015 (55).JPG,discoloration leg,,,
UT37-15D_07_03_2015 (57).JPG,discoloration leg,,,
UT35-15D_07_03_2015 (5).JPG,marbling leg,,,
UT35-15D_07_03_2015 (7).JPG,lividity leg,,,
UT35-15D_07_04_2015 (10).JPG,skin slippage leg, discoloration leg,,
UT35-15D_07_04_2015 (10).JPG,adult fly leg,,,
UT35-15D_07_04_2015 (11).JPG,skin slippage leg,,,
UT35-15D_07_04_2015 (13).JPG,skin slippage leg,,,
UT35-15D_07_04_2015 (13).JPG,larvae leg,,,
UT35-15D_07_04_2015 (13).JPG,adult fly leg,,,
UT35-15D_07_04_2015 (15).JPG,skin slippage leg,,,
UT35-15D_07_04_2015 (15).JPG,adult fly leg,,,
UT35-15D_07_04_2015 (15).JPG,larvae leg,,,
UT35-15D_07_04_2015 (16).JPG,adult fly leg,,,
UT35-15D_07_04_2015 (16).JPG,skin slippage leg,,,
UT35-15D_07_04_2015 (16).JPG,larvae leg,,,
UT35-15D_07_04_2015 (17).JPG,skin slippage leg,,,
UT35-15D_07_04_2015 (17).JPG,adult fly leg,,,
UT35-15D_07_04_2015 (17).JPG,discoloration leg,,,
UT35-15D_07_03_2015 (29).JPG,marbling leg,,,
UT35-15D_07_03_2015 (29).JPG,adult fly leg,,,
UT35-15D_07_03_2015 (31).JPG,marbling leg,,,
UT35-15D_07_03_2015 (33).JPG,marbling leg,,,
UT35-15D_07_03_2015 (34).JPG,marbling leg,,,
UT35-15D_07_03_2015 (39).JPG,marbling leg,,,
UT35-15D_07_03_2015 (39).JPG,adult fly leg,,,
UT35-15D_07_03_2015 (40).JPG,marbling leg,,,
UT35-15D_07_03_2015 (40).JPG,adult fly leg,,,
UT35-15D_07_03_2015 (41).JPG,marbling leg,,,
UT35-15D_07_03_2015 (43).JPG,marbling leg,,,
UT35-15D_07_03_2015 (45).JPG,marbling leg,,,
UT35-15D_07_03_2015 (45).JPG,adult fly leg,,,
UT35-15D_07_03_2015 (47).JPG,marbling leg,,,
UT35-15D_07_03_2015 (49).JPG,marbling leg,,,
UT35-15D_07_03_2015 (49).JPG,adult fly leg,,,
UT35-15D_07_03_2015 (55).JPG,marbling leg,,,
UT35-15D_07_03_2015 (57).JPG,marbling leg,,,
UT35-15D_07_04_2015 (5).JPG,skin slippage leg,,,
UT35-15D_07_04_2015 (5).JPG,adult fly leg,,,
UT35-15D_07_04_2015 (5).JPG,larvae leg,,,
UT35-15D_07_04_2015 (7).JPG,skin slippage leg,,,
UT35-15D_07_04_2015 (7).JPG,larvae leg,,,
UT35-15D_07_04_2015 (9).JPG,skin slippage leg,,,
UT35-15D_07_04_2015 (9).JPG,adult fly leg,,,
UT35-15D_07_04_2015 (20).JPG,skin slippage leg,,,
UT35-15D_07_04_2015 (44).JPG,skin slippage leg,,,
UT35-15D_07_04_2015 (45).JPG,skin slippage leg,,,
UT35-15D_07_04_2015 (45).JPG,adult fly leg,,,
UT35-15D_07_04_2015 (45).JPG,larvae leg,,,
UT35-15D_07_04_2015 (47).JPG,skin slippage leg,,,
UT35-15D_07_04_2015 (47).JPG,larvae leg,,,
UT35-15D_07_04_2015 (49).JPG,skin slippage leg,,,
UT35-15D_07_04_2015 (49).JPG,larvae leg,,,
UT35-15D_07_04_2015 (49).JPG,adult fly leg,,,
UT35-15D_07_04_2015 (52).JPG,adult fly leg,,,
UT35-15D_07_04_2015 (52).JPG,skin slippage leg,,,
UT35-15D_07_04_2015 (53).JPG,adult fly leg,,,
UT35-15D_07_04_2015 (53).JPG,larvae leg,,,
UT35-15D_07_04_2015 (53).JPG,skin slippage leg,,,
UT35-15D_07_04_2015 (56).JPG,larvae leg,,,
UT35-15D_07_04_2015 (56).JPG,skin slippage leg,,,
UT35-15D_07_04_2015 (58).JPG,skin slippage leg,,,
UT35-15D_07_04_2015 (59).JPG,adult fly leg,,,
UT35-15D_07_04_2015 (59).JPG,skin slippage leg,,,
UT35-15D_07_04_2015 (61).JPG,adult fly leg,,,
UT35-15D_07_04_2015 (61).JPG,larvae leg,,,
UT35-15D_07_04_2015 (61).JPG,skin slippage leg,,,
UT67-14D_11_08_2014 (7).JPG,exposed bone leg,,,
UT67-14D_11_08_2014 (9).JPG,exposed bone leg,,,
UT67-14D_11_08_2014 (11).JPG,exposed bone leg,,,
UT67-14D_11_08_2014 (13).JPG,exposed bone leg,,,
UT67-14D_11_08_2014 (29).JPG,exposed bone leg,,,
UT67-14D_11_08_2014 (30).JPG,exposed bone leg,,,
UT67-14D_11_08_2014 (43).JPG,mummified tissue leg,,,
UT67-14D_11_08_2014 (45).JPG,skeletonized leg,,,
UT67-14D_11_08_2014 (47).JPG,mummified tissue leg,,,
UT67-14D_11_08_2014 (47).JPG,skeletonized leg,,,
UT67-14D_11_08_2014 (49).JPG,mummified tissue leg,,,
UT67-14D_11_08_2014 (49).JPG,exposed bone leg,,,
UT67-14D_11_08_2014 (51).JPG,mummified tissue leg,,,
UT67-14D_11_08_2014 (53).JPG,skeletonized leg,,,
UT67-14D_11_08_2014 (53).JPG,mummified tissue leg,,,
UT67-14D_11_08_2014 (54).JPG,skeletonized leg,,,
UT67-14D_11_08_2014 (54).JPG,mummified tissue leg,,,
UT67-14D_11_08_2014 (57).JPG,exposed bone leg,,,
UT67-14D_11_08_2014 (57).JPG,mummified tissue leg,,,
UT67-14D_11_08_2014 (60).JPG,skeletonization leg,,,
UT67-14D_11_08_2014 (60).JPG,mummified tissue leg,,,
UT67-14D_11_09_2014 (32).JPG,mummified tissue leg,,,
UT67-14D_11_09_2014 (32).JPG,exposed bone leg,,,
UT67-14D_11_09_2014 (34).JPG,exposed bone leg,,,
UT67-14D_11_09_2014 (34).JPG,mummified tissue leg,,,
UT67-14D_11_09_2014 (36).JPG,exposed bone leg,,,
UT67-14D_11_09_2014 (49).JPG,exposed bone leg,,,
UT67-14D_11_09_2014 (50).JPG,mummified tissue leg,,,
UT67-14D_11_09_2014 (50).JPG,exposed bone leg,,,
UT67-14D_11_09_2014 (56).JPG,exposed bone leg,,,
UT67-14D_11_09_2014 (57).JPG,exposed bone leg,,,
UT67-14D_11_09_2014 (60).JPG,mummified tissue leg,,,
UT67-14D_11_09_2014 (60).JPG,exposed bone leg,,,
UT67-14D_11_09_2014 (62).JPG,mummified tissue leg,,,
UT67-14D_11_09_2014 (62).JPG,adipocere leg,,,
UT67-14D_11_09_2014 (64).JPG,mummified tissue leg,,,
UT67-14D_11_09_2014 (68).JPG,exposed bone leg,,,
UT67-14D_11_09_2014 (68).JPG,mummified tissue leg,,,
UT67-14D_11_09_2014 (71).JPG,exposed bone leg,,,
UT67-14D_11_09_2014 (71).JPG,mummified tissue leg,,,
UT67-14D_11_09_2014 (73).JPG,exposed bone leg,,,
UT02-15D_04_14_2015 (1).JPG,marbling leg,,,
UT02-15D_04_14_2015 (11).JPG,discoloration leg,,,
UT02-15D_04_14_2015 (11).JPG,insect eggs leg,,,
UT02-15D_04_14_2015 (11).JPG,skin slippage leg,,,
UT02-15D_04_14_2015 (12).JPG,skin slippage leg,,,
UT02-15D_04_14_2015 (12).JPG,larvae leg,,,
UT02-15D_04_14_2015 (13).JPG,discoloration leg,,,
UT02-15D_04_14_2015 (17).JPG,insect eggs leg,,,
UT02-15D_04_14_2015 (18).JPG,skin slippage leg,,,
UT02-15D_04_14_2015 (18).JPG,discoloration leg,,,
UT02-15D_04_14_2015 (20).JPG,skin slippage leg,,,
UT02-15D_04_14_2015 (22).JPG,discoloration leg,,,
UT02-15D_04_14_2015 (22).JPG,insect eggs leg,,,
UT02-15D_04_14_2015 (24).JPG,skin slippage leg,,,
UT02-15D_04_14_2015 (25).JPG,discoloration leg,,,
UT02-15D_04_14_2015 (25).JPG,insect eggs leg,,,
UT02-15D_04_14_2015 (26).JPG,insect eggs leg,,,
UT02-15D_04_14_2015 (26).JPG,discoloration leg,,,
UT02-15D_04_14_2015 (28).JPG,skin slippage leg,,,
UT02-15D_04_14_2015 (37).JPG,skin slippage leg,,,
UT02-15D_04_14_2015 (37).JPG,discoloration leg,,,
UT02-15D_04_14_2015 (39).JPG,skin slippage leg,,,
UT02-15D_04_14_2015 (40).JPG,skin slippage leg,,,
UT02-15D_04_14_2015 (41).JPG,skin slippage leg,,,
UT02-15D_04_14_2015 (46).JPG,skin slippage leg,,,
UT02-15D_04_14_2015 (47).JPG,skin slippage leg,,,
UT02-15D_04_14_2015 (47).JPG,discoloration leg,,,
UT02-15D_04_14_2015 (48).JPG,skin slippage leg,,,
UT02-15D_04_14_2015 (48).JPG,discoloration leg,,,
UT02-15D_04_14_2015 (49).JPG,skin slippage leg,,,
UT02-15D_04_14_2015 (49).JPG,larvae leg,,,
UT02-15D_04_16_2015 (1).JPG,larvae leg,,,
UT02-15D_04_16_2015 (9).JPG,discoloration leg,,,
UT02-15D_04_16_2015 (9).JPG,larvae leg,,,
UT02-15D_04_16_2015 (10).JPG,larvae leg,,,
UT02-15D_04_16_2015 (10).JPG,discoloration leg,,,
UT02-15D_04_16_2015 (11).JPG,discoloration leg,,,
UT02-15D_04_16_2015 (11).JPG,larvae leg,,,
UT02-15D_04_16_2015 (13).JPG,larvae leg,,,
UT02-15D_04_16_2015 (13).JPG,discoloration leg,,,
UT02-15D_04_16_2015 (16).JPG,larvae leg,,,
UT02-15D_04_16_2015 (20).JPG,larvae leg,,,
UT02-15D_04_16_2015 (20).JPG,discoloration leg,,,
UT02-15D_04_16_2015 (21).JPG,larvae leg,,,
UT02-15D_04_16_2015 (22).JPG,larvae leg,,,
UT02-15D_04_16_2015 (22).JPG,discoloration leg,,,
UT02-15D_04_16_2015 (22).JPG,skin slippage leg,,,
UT02-15D_04_16_2015 (23).JPG,skin slippage leg,,,
UT03-15D_01_22_2015 (3).JPG,marbling leg,,,
UT03-15D_01_22_2015 (7).JPG,marbling leg,,,
UT03-15D_01_22_2015 (9).JPG,marbling leg,,,
UT03-15D_01_22_2015 (35).JPG,marbling leg,,,
UT03-15D_01_22_2015 (37).JPG,marbling leg,,,
UT03-15D_01_22_2015 (39).JPG,marbling leg,,,
UT03-15D_01_22_2015 (43).JPG,marbling leg,,,
UT03-15D_01_22_2015 (45).JPG,marbling leg,,,
UT03-15D_01_22_2015 (47).JPG,marbling leg,,,
UT03-15D_01_22_2015 (51).JPG,marbling leg,,,
UT03-15D_01_22_2015 (53).JPG,marbling leg,,,
UT03-15D_01_23_2015 (3).JPG,marbling leg,,,
UT03-15D_01_23_2015 (7).JPG,marbling leg,,,
UT03-15D_01_23_2015 (9).JPG,marbling leg,,,
UT03-15D_01_23_2015 (31).JPG,marbling leg,,,
UT03-15D_01_23_2015 (33).JPG,marbling leg,,,
UT03-15D_01_23_2015 (35).JPG,marbling leg,,,
UT03-15D_01_23_2015 (39).JPG,marbling leg,,,
UT03-15D_01_23_2015 (41).JPG,marbling leg,,,
UT03-15D_01_23_2015 (43).JPG,marbling leg,,,
UT03-15D_01_23_2015 (47).JPG,marbling leg,,,
UT03-15D_01_23_2015 (49).JPG,marbling leg,,,
UT04-15D_03_18_2015 (5).JPG,discoloration leg,,,
UT04-15D_03_18_2015 (7).JPG,discoloration leg,,,
UT04-15D_03_18_2015 (11).JPG,discoloration leg,,,
UT04-15D_03_18_2015 (37).JPG,discoloration leg,,,
UT04-15D_03_18_2015 (39).JPG,discoloration leg,,,
UT04-15D_03_18_2015 (39).JPG,scavenging leg,,,
UT04-15D_03_18_2015 (41).JPG,discoloration leg,,,
UT04-15D_03_18_2015 (45).JPG,scavenging leg,,,
UT04-15D_03_18_2015 (45).JPG,discoloration leg,,,
UT04-15D_03_18_2015 (47).JPG,discoloration leg,,,
UT04-15D_03_18_2015 (49).JPG,discoloration leg,,,
UT04-15D_03_18_2015 (55).JPG,discoloration leg,,,
UT04-15D_03_18_2015 (55).JPG,scavenging leg,,,
UT04-15D_03_21_2015 (5).JPG,scavenging leg,,,
UT04-15D_03_21_2015 (5).JPG,discoloration leg,,,
UT04-15D_03_21_2015 (7).JPG,scavenging leg,,,
UT04-15D_03_21_2015 (9).JPG,scavenging leg,,,
UT04-15D_03_21_2015 (11).JPG,scavenging leg,,,
UT04-15D_03_21_2015 (11).JPG,discoloration leg,,,
UT04-15D_03_21_2015 (47).JPG,scavenging leg,,,
UT04-15D_03_21_2015 (47).JPG,discoloration leg,,,
UT04-15D_03_21_2015 (49).JPG,scavenging leg,,,
UT04-15D_03_21_2015 (49).JPG,discoloration leg,,,
UT04-15D_03_21_2015 (51).JPG,discoloration leg,,,
UT04-15D_03_21_2015 (55).JPG,scavenging leg,,,
UT04-15D_03_21_2015 (55).JPG,discoloration leg,,,
UT04-15D_03_21_2015 (57).JPG,discoloration leg,,,
UT04-15D_03_21_2015 (58).JPG,discoloration leg,,,
UT04-15D_03_21_2015 (59).JPG,discoloration leg,,,
UT04-15D_03_21_2015 (65).JPG,scavenging leg,,,
UT04-15D_03_21_2015 (65).JPG,discoloration leg,,,
UT04-15D_03_21_2015 (67).JPG,scavenging leg,,,
UT04-15D_03_21_2015 (67).JPG,discoloration leg,,,
UT05-15D_05_01_2015 (10).JPG,exposed bone leg,,,
UT05-15D_05_01_2015 (13).JPG,exposed bone leg,,,
UT05-15D_05_01_2015 (14).JPG,exposed bone leg,,,
UT05-15D_05_01_2015 (15).JPG,exposed bone leg,,,
UT05-15D_05_01_2015 (21).JPG,exposed bone leg,,,
UT05-15D_05_01_2015 (37).JPG,discoloration leg,,,
UT05-15D_05_01_2015 (37).JPG,exposed bone leg,,,
UT05-15D_05_01_2015 (39).JPG,exposed bone leg,,,
UT05-15D_05_01_2015 (41).JPG,discoloration leg,,,
UT05-15D_05_01_2015 (45).JPG,discoloration leg,,,
UT05-15D_05_01_2015 (46).JPG,discoloration leg,,,
UT05-15D_05_01_2015 (46).JPG,discoloration leg,,,
UT05-15D_05_01_2015 (46).JPG,exposed bone leg,,,
UT05-15D_05_01_2015 (47).JPG,scavenging leg,,,
UT05-15D_05_01_2015 (46).JPG,scavenging leg,,,
UT05-15D_05_01_2015 (48).JPG,scavenging leg,,,
UT05-15D_05_01_2015 (48).JPG,discoloration leg,,,
UT05-15D_05_01_2015 (49).JPG,mold leg,,,
UT05-15D_05_01_2015 (49).JPG,discoloration leg,,,
UT05-15D_05_01_2015 (53).JPG,exposed bone leg,,,
UT05-15D_05_01_2015 (55).JPG,scavenging leg,,,
UT05-15D_05_01_2015 (56).JPG,scavenging leg,,,
UT05-15D_05_01_2015 (57).JPG,exposed bone leg,,,
UT05-15D_05_01_2015 (57).JPG,scavenging leg,,,
UT01-15D_05_01_2015 (2).JPG,discoloration leg,,,
UT01-15D_05_01_2015 (10).JPG,discoloration leg,,,
UT01-15D_05_01_2015 (11).JPG,larvae leg,,,
UT01-15D_05_01_2015 (12).JPG,discoloration leg,,,
UT01-15D_05_01_2015 (14).JPG,discoloration leg,,,
UT01-15D_05_01_2015 (22).JPG,discoloration leg,,,
UT01-15D_05_01_2015 (23).JPG,discoloration leg,,,
UT01-15D_05_01_2015 (23).JPG,skin slippage leg,,,
UT01-15D_05_01_2015 (24).JPG,discoloration leg,,,
UT01-15D_05_02_2015 (11).JPG,discoloration leg,,,
UT01-15D_05_02_2015 (13).JPG,mold leg,,,
UT01-15D_05_02_2015 (13).JPG,discoloration leg,,,
UT01-15D_05_02_2015 (15).JPG,discoloration leg,,,
UT01-15D_05_02_2015 (29).JPG,discoloration leg,,,
UT01-15D_05_02_2015 (29).JPG,mold leg,,,
UT01-15D_05_02_2015 (31).JPG,discoloration leg,,,
UT01-15D_05_02_2015 (4).JPG,discoloration leg,,,
UT01-15D_05_02_2015 (4).JPG,mold leg,,,
UT04-15D_03_16_2015 (5).JPG,mold leg,,,
UT04-15D_03_16_2015 (6).JPG,mold leg,,,
UT04-15D_03_16_2015 (7).JPG,mold leg,,,
UT04-15D_03_16_2015 (9).JPG,scavenging leg,,,
UT04-15D_03_16_2015 (11).JPG,scavenging leg,,,
UT04-15D_03_16_2015 (11).JPG,mold leg,,,
UT04-15D_03_16_2015 (12).JPG,scavenging leg,,,
UT04-15D_03_16_2015 (12).JPG,mold leg,,,
UT04-15D_03_16_2015 (17).JPG,scavenging leg,,,
UT04-15D_03_16_2015 (17).JPG,mold leg,,,
UT04-15D_03_16_2015 (41).JPG,scavenging leg,,,
UT04-15D_03_16_2015 (41).JPG,mold leg,,,
UT04-15D_03_16_2015 (42).JPG,scavenging leg,,,
UT04-15D_03_16_2015 (42).JPG,mold leg,,,
UT04-15D_03_16_2015 (43).JPG,mold leg,,,
UT04-15D_03_16_2015 (43).JPG,scavenging leg,,,
UT04-15D_03_16_2015 (44).JPG,scavenging leg,,,
UT04-15D_03_16_2015 (44).JPG,mold leg,,,
UT04-15D_03_16_2015 (60).JPG,scavenging leg,,,
UT04-15D_03_16_2015 (60).JPG,mold leg,,,
UT04-15D_03_16_2015 (45).JPG,scavenging leg,,,
UT04-15D_03_16_2015 (45).JPG,mold leg,,,
UT04-15D_03_16_2015 (62).JPG,scavenging leg,,,
UT04-15D_03_16_2015 (62).JPG,mold leg,,,
UT04-15D_03_16_2015 (46).JPG,mold leg,,,
UT04-15D_03_16_2015 (47).JPG,mold leg,,,
UT04-15D_03_16_2015 (50).JPG,mold leg,,,
UT04-15D_03_16_2015 (52).JPG,mold leg,,,
UT04-15D_03_16_2015 (53).JPG,mold leg,,,
UT04-15D_03_16_2015 (54).JPG,tattoo leg,,,
UT04-15D_03_16_2015 (58).JPG,mold leg,,,
UT04-15D_03_16_2015 (59).JPG,mold leg,,,
UT08-15D_02_06_2015 (5).JPG,discoloration leg,,,
UT08-15D_03_30_2015 (5).JPG,discoloration leg,,,
UT08-15D_03_30_2015 (5).JPG,scavenging leg,,,
UT08-15D_03_30_2015 (5).JPG,exposed bone leg,,,
UT08-15D_03_30_2015 (6).JPG,scavenging leg,,,
UT08-15D_03_30_2015 (6).JPG,exposed bone leg,,,
UT08-15D_03_30_2015 (6).JPG,discoloration leg,,,
UT08-15D_03_30_2015 (65).JPG,scavenging leg,,,
UT08-15D_03_30_2015 (65).JPG,exposed bone leg,,,
UT08-15D_03_30_2015 (65).JPG,discoloration leg,,,
UT08-15D_03_30_2015 (9).JPG,scavenging leg,,,
UT08-15D_03_30_2015 (9).JPG,exposed bone leg,,,
UT08-15D_03_30_2015 (64).JPG,scavenging leg,,,
UT08-15D_03_30_2015 (64).JPG,exposed bone leg,,,
UT08-15D_03_30_2015 (64).JPG,discoloration leg,,,
UT08-15D_03_30_2015 (60).JPG,exposed bone leg,,,
UT08-15D_03_30_2015 (60).JPG,scavenging leg,,,
UT08-15D_03_30_2015 (63).JPG,scavenging leg,,,
UT08-15D_03_30_2015 (63).JPG,exposed bone leg,,,
UT08-15D_03_30_2015 (10).JPG,scavenging leg,,,
UT08-15D_03_30_2015 (10).JPG,exposed bone leg,,,
UT08-15D_03_30_2015 (10).JPG,discoloration leg,,,
UT08-15D_03_30_2015 (11).JPG,scavenging leg,,,
UT08-15D_03_30_2015 (11).JPG,exposed bone leg,,,
UT08-15D_03_30_2015 (12).JPG,scavenging leg,,,
UT08-15D_03_30_2015 (12).JPG,exposed bone leg,,,
UT08-15D_03_30_2015 (43).JPG,scavenging leg,,,
UT08-15D_03_30_2015 (43).JPG,exposed bone leg,,,
UT08-15D_03_30_2015 (43).JPG,discoloration leg,,,
UT08-15D_03_30_2015 (44).JPG,scavenging leg,,,
UT08-15D_03_30_2015 (44).JPG,exposed bone leg,,,
UT08-15D_03_30_2015 (44).JPG,discoloration leg,,,
UT08-15D_03_30_2015 (45).JPG,scavenging leg,,,
UT08-15D_03_30_2015 (45).JPG,exposed bone leg,,,
UT08-15D_03_30_2015 (46).JPG,scavenging leg,,,
UT08-15D_03_30_2015 (46).JPG,exposed bone leg,,,
UT08-15D_03_30_2015 (47).JPG,discoloration leg,,,
UT08-15D_03_30_2015 (48).JPG,discoloration leg,,,
UT08-15D_03_30_2015 (51).JPG,discoloration leg,,,
UT08-15D_03_30_2015 (51).JPG,scavenging leg,,,
UT08-15D_03_30_2015 (51).JPG,exposed bone leg,,,
UT08-15D_03_30_2015 (52).JPG,discoloration leg,,,
UT08-15D_03_30_2015 (52).JPG,scavenging leg,,,
UT08-15D_03_30_2015 (52).JPG,exposed bone leg,,,
UT08-15D_03_30_2015 (53).JPG,discoloration leg,,,
UT08-15D_03_30_2015 (54).JPG,discoloration leg,,,
UT08-15D_03_30_2015 (55).JPG,discoloration leg,,,
UT08-15D_03_30_2015 (56).JPG,discoloration leg,,,
UT08-15D_03_30_2015 (59).JPG,scavenging leg,,,
UT08-15D_03_30_2015 (59).JPG,exposed bone leg,,,
UT46-15D_07_21_2015 (10).JPG,lividity leg,,,
UT46-15D_07_21_2015 (11).JPG,lividity leg,,,
UT46-15D_07_21_2015 (18).JPG,lividity leg,,,
UT46-15D_07_21_2015 (30).JPG,lividity leg,,,
UT46-15D_07_21_2015 (30).JPG,adult fly leg,,,
UT46-15D_07_21_2015 (31).JPG,adult fly leg,,,
UT46-15D_07_21_2015 (31).JPG,lividity leg,,,
UT46-15D_07_22_2015 (14).JPG,adult fly leg,,,
UT46-15D_07_22_2015 (14).JPG,lividity leg,,,
UT46-15D_07_22_2015 (15).JPG,adult fly leg,,,
UT46-15D_07_22_2015 (15).JPG,ant leg,,,
UT46-15D_07_22_2015 (6).JPG,lividity leg,,,
UT46-15D_07_22_2015 (25).JPG,lividity leg,,,
UT46-15D_07_22_2015 (26).JPG,adult fly leg,,,
UT46-15D_07_22_2015 (26).JPG,lividity leg,,,
UT46-15D_07_22_2015 (26).JPG,discoloration leg,,,
UT46-15D_07_22_2015 (26).JPG,adult fly leg,,,
UT46-15D_07_22_2015 (5).JPG,sampling site leg,,,
UT46-15D_07_22_2015 (5).JPG,lividity leg,,,
UT46-15D_07_22_2015 (27).JPG,adult fly leg,,,
UT46-15D_07_22_2015 (30).JPG,bee leg,,,
UT46-15D_07_22_2015 (30).JPG,adult fly leg,,,
UT46-15D_07_22_2015 (30).JPG,adult fly leg,,,
UT46-15D_07_22_2015 (30).JPG,lividity leg,,,
UT46-15D_07_22_2015 (31).JPG,adult fly leg,,,
UT46-15D_07_22_2015 (33).JPG,adult fly leg,,,
UT46-15D_07_23_2015 (25).JPG,adult fly leg,,,
UT46-15D_07_23_2015 (25).JPG,adult fly leg,,,
UT46-15D_07_23_2015 (26).JPG,adult fly leg,,,
UT46-15D_07_23_2015 (26).JPG,adult fly leg,,,
UT46-15D_07_23_2015 (27).JPG,adult fly leg,,,
UT11-15D_04_06_2015 (3).JPG,discoloration leg,,,
UT11-15D_04_06_2015 (3).JPG,scavenging leg,,,
UT11-15D_03_08_2015 (3).JPG,lividity leg,,,
UT11-15D_03_09_2015 (3).JPG,lividity leg,,,
UT11-15D_03_09_2015 (7).JPG,lividity leg,,,
UT11-15D_03_09_2015 (9).JPG,scavenging leg,,,
UT11-15D_03_09_2015 (9).JPG,lividity leg,,,
UT35-15D_01_02_2016 (4.JPG,mummification left leg,,,
UT35-15D_01_02_2016 (4.JPG,mummification right leg,,,
UT35-15D_01_02_2016 (69.JPG,mummification leg,,,
UT35-15D_01_02_2016 (69.JPG,bone exposure leg,,,
UT35-15D_01_02_2016 (70.JPG,mummification leg,,,
UT35-15D_01_02_2016 (70.JPG,bone exposure leg,,,
UT35-15D_01_09_2016 (10.JPG,mummification leg,,,
UT60-15D_10_14_2015 (13.JPG,skin slippage right leg,,,
UT30-15D_09-21-2015 (10).JPG,mummification right leg,,,
UT30-15D_09-21-2015 (10).JPG,mummification left leg,,,
UT35-15D_01_09_2016 (42.JPG,mummification left leg,,,
UT35-15D_01_09_2016 (42.JPG,mummification right leg,,,
UT35-15D_01_09_2016 (41.JPG,mummification left leg,,,
UT35-15D_01_09_2016 (41.JPG,mummification right leg,,,
UT35-15D_01_09_2016 (40.JPG,mummification left leg,,,
UT35-15D_01_09_2016 (39.JPG,mummification left leg,,,
UT35-15D_01_09_2016 (38.JPG,mummification leg,,,
UT35-15D_01_09_2016 (37.JPG,mummification leg,,,
UT35-15D_01_09_2016 (32.JPG,mummification leg,,,
UT35-15D_01_09_2016 (31.JPG,mummification leg,,,
UT35-15D_01_09_2016 (3.JPG,mummification left leg,,,
UT35-15D_01_09_2016 (18.JPG,mummification right leg,,,
UT35-15D_01_09_2016 (16.JPG,mummification upper leg,,,
UT35-15D_01_09_2016 (16.JPG,mummification lower leg,,,
UT35-15D_01_09_2016 (11.JPG,mummification upper leg,,,
UT35-15D_01_09_2016 (10.JPG,mummification upper leg,,,
UT35-15D_01_02_2016 (60.JPG,mummification left leg,,,
UT35-15D_01_02_2016 (5.JPG,mummification left leg,,,
UT35-15D_01_02_2016 (5.JPG,mummification left leg,,,
UT35-15D_01_02_2016 (41.JPG,mummification leg,,,
UT35-15D_01_02_2016 (36.JPG,mummification leg,,,
UT35-15D_01_02_2016 (35.JPG,mummification leg,,,
UT35-15D_01_02_2016 (26.JPG,mummification left leg,,,
UT35-15D_01_02_2016 (2.JPG,Mummification right leg,,,
UT35-15D_01_02_2016 (2.JPG,Mummification left leg,,,
UT35-15D_01_02_2016 (23.JPG,mummification left leg,,,
UT35-15D_01_02_2016 (23.JPG,mummification right leg,,,
UT35-15D_01_02_2016 (24.JPG,Mummification Left leg,,,
UT35-15D_01_02_2016 (24.JPG,Bone exposure left leg distal,,,
UT35-15D_01_02_2016 (24.JPG,mummification right leg,,,
UT35-15D_01_02_2016 (25.JPG,mummification left leg,,,
UT35-15D_01_02_2016 (27.JPG,mummification left leg,,,
UT35-15D_01_02_2016 (27.JPG,bone exposure left leg distal,,,
UT35-15D_01_02_2016 (28.JPG,mummification left leg,,,
UT35-15D_01_02_2016 (28.JPG,bone exposure left leg,,,
UT35-15D_01_02_2016 (29.JPG,bone exposure left leg,,,
UT35-15D_01_02_2016 (29.JPG,mummification leg,,,
UT35-15D_01_02_2016 (3.JPG,mummification left leg,,,
UT35-15D_01_02_2016 (3.JPG,mummification right leg,,,
UT35-15D_01_02_2016 (30.JPG,bone exposure leg,,,
UT35-15D_01_02_2016 (33.JPG,mummification leg,,,
UT35-15D_01_02_2016 (33.JPG,bone exposure leg,,,
UT35-15D_01_02_2016 (34.JPG,mummification leg,,,
UT35-15D_01_02_2016 (34.JPG,bone exposure leg,,,
UT35-15D_01_02_2016 (37.JPG,mummification right leg,,,
UT35-15D_01_02_2016 (37.JPG,mummification left leg,,,
UT35-15D_01_02_2016 (37.JPG,bone exposure right leg,,,
UT35-15D_01_02_2016 (38.JPG,mummification left leg,,,
UT35-15D_01_02_2016 (38.JPG,mummification right leg,,,
UT35-15D_01_02_2016 (38.JPG,bone exposure right leg,,,
UT35-15D_01_02_2016 (39.JPG,bone exposure right leg,,,
UT35-15D_01_02_2016 (39.JPG,mummification right leg,,,
UT35-15D_01_02_2016 (40.JPG,mummification leg,,,
UT35-15D_01_02_2016 (40.JPG,bone exposure right leg,,,
UT35-15D_01_02_2016 (42.JPG,mummification leg,,,
UT35-15D_01_02_2016 (5.JPG,mummification right leg,,,
UT35-15D_01_02_2016 (59.JPG,mummification right leg,,,
UT35-15D_01_02_2016 (59.JPG,bone exposure right leg,,,
UT35-15D_01_02_2016 (59.JPG,mummification left leg,,,
UT35-15D_01_02_2016 (60.JPG,mummification right leg,,,
UT35-15D_01_02_2016 (60.JPG,bone exposure right leg,,,
UT35-15D_01_02_2016 (60.JPG,mummification left leg,,,
UT35-15D_01_02_2016 (61.JPG,mummification left leg,,,
UT35-15D_01_02_2016 (62.JPG,mummification left leg,,,
UT35-15D_01_02_2016 (63.JPG,mummification left leg,,,
UT35-15D_01_02_2016 (64.JPG,mummification left leg,,,
UT35-15D_01_02_2016 (65.JPG,mummification leg,,,
UT35-15D_01_02_2016 (66.JPG,mummification leg,,,
UT35-15D_01_09_2016 (13.JPG,bone exposure lower leg,,,
UT35-15D_01_09_2016 (13.JPG,mummification lower leg,,,
UT35-15D_01_09_2016 (14.JPG,bone exposure lower leg,,,
UT35-15D_01_09_2016 (14.JPG,mummification lower leg,,,
UT35-15D_01_09_2016 (15.JPG,mummification lower leg,,,
UT35-15D_01_09_2016 (15.JPG,bone exposure lower leg,,,
UT35-15D_01_09_2016 (15.JPG,mummification upper leg,,,
UT35-15D_01_09_2016 (17.JPG,mummification right leg,,,
UT35-15D_01_09_2016 (3.JPG,mummification right leg,,,
UT35-15D_01_09_2016 (3.JPG,bone exposure left leg,,,
UT35-15D_01_09_2016 (39.JPG,mummification right leg,,,
UT35-15D_01_09_2016 (4.JPG,mummification right leg,,,
UT35-15D_01_09_2016 (4.JPG,mummification left leg,,,
UT35-15D_07_04_2015 (45).JPG,skin slip right leg,,,
UT35-15D_07_04_2015 (45).JPG,skin slip left leg,,,
UT35-15D_06_29_2015 (3).JPG,marbling left leg,,,
UT35-15D_06_29_2015 (3).JPG,marbling right leg,,,
UT35-15D_07_06_2015 (10).JPG,discoloration bloat right leg,,,
UT35-15D_07_06_2015 (10).JPG,discoloration bloat larvae left leg,,,
UT02-15D_04_11_2015 (2).JPG,marbling left leg,,,
UT02-15D_04_11_2015 (2).JPG,discoloration right leg,,,
UT02-15D_04_22_2015 (2).JPG,bloat right leg,,,
UT02-15D_04_25_2015 (13).JPG,maggot activity right leg,,,
UT01-16D_02_04_2016 (28).JPG,raccoon scavenging right leg,,,
UT01-16D_02_09_2016 (3).JPG,raccoon scavenging right leg,,,
UT01-16D_02_09_2016 (3).JPG,raccoon scavenging left leg,,,
UT01-16D_02_16_2016 (16).JPG,raccoon scavenging right leg,,,
UT01-16D_02_16_2016 (16).JPG,raccoon scavenging left leg,,,
UT01-16D_02_27_2016 (32).JPG,raccoon scavenging right leg,,,
UT01-16D_02_27_2016 (32).JPG,raccoon scavenging left leg,,,
UT01-16D_03_20_2016 (6).JPG,bone exposure raccoon scavenging right leg,,,
UT02-16D_03_31_2016 (12).JPG,bone exposure right leg,,,
UT01-15D_01_02_2016 (3.JPG,mummification right leg,,,
UT01-15D_01_02_2016 (3.JPG,mummification left leg,,,
UT01-15D_01_09_2016 (4.JPG,mummification right leg,,,
UT01-15D_01_09_2016 (4.JPG,mummification bone exposure left leg,,,
UT05-15D_03_04_2015 (5).JPG,skin slip left leg,,,
UT05-15D_03_25_2015 (5).JPG,discoloration left leg,,,
UT05-15D_03_25_2015 (5).JPG,discoloration right leg,,,
UT05-15D_04_14_2015 (9).JPG,discoloration left leg,,,
UT05-15D_04_14_2015 (9).JPG,discoloration right leg,,,
UT05-15D_06_06_2015 (4).JPG,desiccation right leg,,,
UT06-15D_04_07_2015 (5).JPG,marbling right leg,,,
UT06-15D_04_11_2015 (2).JPG,marbling right leg,,,
UT06-15D_04_18_2015 (2).JPG,discoloration right leg,,,
UT06-15D_04_18_2015 (2).JPG,skin slip right leg,,,
UT06-15D_04_18_2015 (2).JPG,discoloration left leg,,,
UT06-15D_04_21_2015 (16).JPG,discoloration left leg,,,
UT06-15D_04_21_2015 (16).JPG,discoloration right leg,,,
UT06-15D_05_23_2015 (2).JPG,mummification right leg,,,
UT06-15D_05_23_2015 (2).JPG,mummification left leg,,,
UT06-15D_06_25_2015 (2).JPG,mummification right leg,,,
UT06-15D_06_25_2015 (2).JPG,mummification left leg,,,
UT06-15D_09_17_2015 (3.JPG,mummification right leg foot,,,
UT06-15D_09_17_2015 (3.JPG,mummification left leg foot,,,
UT12-15D_04_12_2015 (3).JPG,bone exposure right leg,,,
UT25-16D_05_22_2016 (14).JPG,mummification right leg,,,
